cancer_type,patient,paired_normal,paired_tumor
BLCA,TCGA-BT-A20Q,3828.70867866,12916.0460237
BLCA,TCGA-BT-A20N,0.0,20553.0130717
BLCA,TCGA-CU-A0YR,11580.9547339,18702.3067799
BLCA,TCGA-BT-A2LB,4930.82666542,28418.9810374
BLCA,TCGA-K4-A54R,7093.51778581,21469.5050453
BLCA,TCGA-BT-A2LA,0.0,32193.9566517
BLCA,TCGA-BT-A20U,9462.01107686,14342.2894955
BLCA,TCGA-GC-A3WC,11149.473559,44121.1751307
BLCA,TCGA-GD-A2C5,7532.51787969,26096.6543322
BLCA,TCGA-K4-A3WV,13797.6754859,35849.7762009
BLCA,TCGA-BT-A20R,538.145357366,9513.91718191
BLCA,TCGA-BL-A13J,3117.20698254,39900.2493766
BLCA,TCGA-GD-A3OP,13587.5349766,13091.6742506
BLCA,TCGA-K4-A5RI,27257.7326384,21390.8257061
BLCA,TCGA-CU-A0YN,4091.49398857,27708.5065115
BLCA,TCGA-GC-A3BM,2952.94918417,22602.1050094
BLCA,TCGA-GC-A6I3,102396.624717,196032.971238
BLCA,TCGA-BT-A20W,2861.87414837,16355.2424072
BLCA,TCGA-GD-A3OQ,4593.72376227,13082.0489759
BRCA,TCGA-E9-A1NG,0.0,4701.15262468
BRCA,TCGA-BH-A0DO,13260.9318031,15224.172479700002
BRCA,TCGA-BH-A0DT,7689.12940285,7882.30924073
BRCA,TCGA-BH-A0AU,26182.562610900004,8938.22790694
BRCA,TCGA-BH-A0E0,3532.24587257,4250.49528896
BRCA,TCGA-E2-A1BC,4698.12657505,4099.05993184
BRCA,TCGA-E9-A1RD,3882.25357832,9709.66483855
BRCA,TCGA-BH-A1FD,5152.40823561,5607.3278055
BRCA,TCGA-AC-A2FF,13979.2711276,8389.79130194
BRCA,TCGA-BH-A0E1,5676.24943711,2669.98456749
BRCA,TCGA-BH-A0B5,4743.81754566,14917.839996200002
BRCA,TCGA-A7-A0CH,4294.65944782,5060.05867981
BRCA,TCGA-E9-A1R7,3017.86880117,910.050391765
BRCA,TCGA-GI-A2C8,1458.34244797,7115.47750295
BRCA,TCGA-BH-A1EN,7013.77338978,3121.94565005
BRCA,TCGA-BH-A18J,13457.6744436,10610.7868798
BRCA,TCGA-BH-A18U,13944.6351502,8709.84303946
BRCA,TCGA-BH-A1FH,1309.06329976,8391.38006925
BRCA,TCGA-BH-A18N,5692.13633398,29660.9350655
BRCA,TCGA-BH-A0H9,3504.9410907,511.699104552
BRCA,TCGA-E9-A1RC,1823.2612583,16071.5290185
BRCA,TCGA-A7-A13F,10729.5167877,3188.95854992
BRCA,TCGA-BH-A1F0,4204.69366131,4207.99930147
BRCA,TCGA-BH-A1FN,5352.95990133,14205.9711403
BRCA,TCGA-BH-A0BW,21016.986979700006,13083.5281764
BRCA,TCGA-BH-A1FE,10080.9119193,5052.19932341
BRCA,TCGA-E9-A1N6,3991.3934154,7352.62580649
BRCA,TCGA-E2-A1LH,7808.97329121,27487.9244021
BRCA,TCGA-BH-A1F6,5700.03562522,7389.84739657
BRCA,TCGA-BH-A0BV,4803.16358522,2066.08582107
BRCA,TCGA-E9-A1RF,3204.32455642,16227.4580871
BRCA,TCGA-BH-A0B7,23871.0758745,3675.40985414
BRCA,TCGA-E9-A1NA,7331.72947678,11387.0574705
BRCA,TCGA-A7-A13G,8189.70635808,18049.8377681
BRCA,TCGA-E2-A15I,5535.55069042,11440.3008799
BRCA,TCGA-BH-A204,1936.34132663,8160.99069764
BRCA,TCGA-E2-A1IG,6711.79003105,21177.379666
BRCA,TCGA-A7-A0D9,1982.58824913,10097.238935299998
BRCA,TCGA-BH-A0BT,7027.51976741,18021.792853
BRCA,TCGA-BH-A0DP,10679.93827,6609.64926172
BRCA,TCGA-BH-A0C3,17128.8949344,10273.535588600002
BRCA,TCGA-BH-A1EV,5338.69892348,13654.7699905
BRCA,TCGA-BH-A1EU,15122.896216100002,6040.0014194
BRCA,TCGA-BH-A1FG,4373.58866344,5358.22276519
BRCA,TCGA-E2-A15K,8084.52683752,19398.9942865
BRCA,TCGA-BH-A1ET,10794.1869294,6855.52448327
BRCA,TCGA-E9-A1ND,12988.3624273,9652.04071488
BRCA,TCGA-BH-A18M,12020.7806514,4223.53975806
BRCA,TCGA-BH-A1F8,8901.00744569,2919.24563773
BRCA,TCGA-E9-A1NF,11149.910844700002,10086.792974
BRCA,TCGA-BH-A203,6290.57985666,5899.18162468
BRCA,TCGA-BH-A1EW,10288.3423693,8862.99029829
BRCA,TCGA-BH-A0DV,6092.26120367,2746.43787008
BRCA,TCGA-E2-A1LB,17296.619731799998,9102.441608600002
BRCA,TCGA-BH-A0DH,11937.0850506,5632.73540994
BRCA,TCGA-BH-A1FM,9646.34460119,3409.44513716
BRCA,TCGA-E2-A158,1604.99796366,15707.385372600002
BRCA,TCGA-BH-A1FC,2953.38633431,22613.8843011
BRCA,TCGA-E2-A15M,592.695326449,5999.73676155
BRCA,TCGA-BH-A18V,33376.1555707,16754.4363984
BRCA,TCGA-BH-A1FJ,2281.2805936,8710.93190595
BRCA,TCGA-BH-A0BZ,6391.92936735,12428.7352359
BRCA,TCGA-BH-A1FR,9233.88886461,8312.55195345
BRCA,TCGA-BH-A1F2,7809.10154334,3799.15537178
BRCA,TCGA-A7-A0DC,3459.15929169,3266.94181577
BRCA,TCGA-E2-A1LS,485.404493632,4662.48907645
BRCA,TCGA-BH-A0BQ,8051.33099236,5639.16841063
BRCA,TCGA-BH-A0BC,5154.77498262,9497.7979949
BRCA,TCGA-BH-A18Q,11126.0310762,20333.8611448
BRCA,TCGA-BH-A0DD,5778.62492419,10420.8954358
BRCA,TCGA-BH-A0BJ,8081.06316487,2381.59257572
BRCA,TCGA-A7-A0CE,13059.472243,8750.05468784
BRCA,TCGA-E2-A153,11684.3099747,5126.68402415
BRCA,TCGA-BH-A0AY,4856.40815197,12892.2201604
BRCA,TCGA-BH-A0C0,14186.091657100002,6365.33738169
BRCA,TCGA-BH-A0H5,10592.4509116,12555.752369700003
BRCA,TCGA-BH-A0B3,16390.1780219,19834.1710728
BRCA,TCGA-E9-A1RB,3458.22654458,14120.611035
BRCA,TCGA-BH-A0AZ,12213.4556751,8220.85777062
BRCA,TCGA-BH-A208,12101.86806,6822.88806029
BRCA,TCGA-GI-A2C9,3940.84321434,9283.83837766
BRCA,TCGA-BH-A0HK,1929.41244567,7611.38219933
BRCA,TCGA-BH-A0BA,5923.43369604,5239.00333201
BRCA,TCGA-BH-A0HA,17933.5919092,9587.94890702
BRCA,TCGA-E2-A1L7,7989.63744024,27464.3787008
BRCA,TCGA-E9-A1N5,22265.764161000006,18835.0875078
BRCA,TCGA-BH-A1EO,2517.84245451,768.850188388
BRCA,TCGA-BH-A1FB,8408.65081996,6076.25268204
BRCA,TCGA-A7-A0DB,2030.75373456,9975.06234414
BRCA,TCGA-E9-A1RI,993.928093278,11191.7673359
BRCA,TCGA-E9-A1RH,1613.73959407,3395.47692763
BRCA,TCGA-BH-A0DQ,6595.88586826,5744.80030291
BRCA,TCGA-BH-A18R,10725.0192455,7236.58589304
BRCA,TCGA-BH-A0DK,2556.58451995,6972.31757512
BRCA,TCGA-BH-A0B8,4918.66979494,3699.9489407
BRCA,TCGA-A7-A13E,5622.21700258,14346.2562755
BRCA,TCGA-AC-A2FM,24510.0339907,23784.5308384
BRCA,TCGA-BH-A0DZ,6413.70620678,7172.86362234
BRCA,TCGA-BH-A209,6396.20020558,5965.054474000001
BRCA,TCGA-E9-A1N4,10654.0825379,5019.21496655
BRCA,TCGA-BH-A18S,1837.25362429,2605.81565939
BRCA,TCGA-BH-A18K,19422.2952526,12247.6890992
BRCA,TCGA-AC-A23H,3532.87138096,3473.4798846
BRCA,TCGA-BH-A18L,5232.40785991,3160.16548207
BRCA,TCGA-BH-A0DG,6448.52515177,14548.762062
BRCA,TCGA-BH-A18P,4896.1366218,3861.81275422
BRCA,TCGA-AC-A2FB,3396.47249914,4850.50442214
BRCA,TCGA-BH-A0BM,10745.5158291,2465.41333271
BRCA,TCGA-BH-A1FU,16922.3294368,5589.52277493
BRCA,TCGA-BH-A0DL,14536.5604746,16021.9993775
BRCA,TCGA-E9-A1N9,10131.6422701,5800.12928488
BRCA,TCGA-BH-A0H7,12336.8239143,2595.19443521
CESC,TCGA-MY-A5BF,2993.71618972,10154.0270713
CESC,TCGA-FU-A3EO,13948.535020200005,17959.217183400004
CESC,TCGA-HM-A3JJ,8234.54051697,28052.5858473
CHOL,TCGA-W5-AA2I,3101.69849009,101093.00598
CHOL,TCGA-ZU-A8S4,0.0,16996.7665351
CHOL,TCGA-W5-AA31,1312.85369099,10945.9176486
CHOL,TCGA-W5-AA30,10608.5439698,68313.9141288
CHOL,TCGA-W5-AA2Q,7768.74014341,43616.3635511
CHOL,TCGA-W5-AA2X,10247.3490474,60138.5102237
CHOL,TCGA-W5-AA2R,0.0,32847.4356857
CHOL,TCGA-W5-AA34,0.0,31278.701763300003
CHOL,TCGA-W5-AA2U,1634.18452558,30878.8690258
COAD,TCGA-AA-3496,5975.47664385,37881.3343193
COAD,TCGA-A6-2686,5738.79109757,36926.4400696
COAD,TCGA-AZ-6600,4400.76279889,9260.37897829
COAD,TCGA-A6-2680,5737.59076477,26264.7151523
COAD,TCGA-AA-3655,7169.73900846,23655.2901321
COAD,TCGA-AA-3518,5008.18995564,20903.315893
COAD,TCGA-AA-3525,18654.0160197,17398.3645537
COAD,TCGA-AA-3514,7939.01129385,48935.74540880001
COAD,TCGA-AA-3712,12346.9827061,12589.2468127
COAD,TCGA-A6-2675,2229.23026165,17591.4615268
COAD,TCGA-AZ-6599,7289.25297773,22228.5511847
COAD,TCGA-AA-3697,6161.59511374,32076.8000842
COAD,TCGA-A6-2684,4030.87109812,27620.8213643
COAD,TCGA-A6-5662,7975.40963698,19493.7417922
COAD,TCGA-AA-3516,3864.80524763,6236.36282847
COAD,TCGA-AA-3660,7853.0056943,30301.7017952
COAD,TCGA-AA-3517,6722.94820103,48181.6535944
COAD,TCGA-A6-2682,11846.8673921,48841.0310629
COAD,TCGA-AA-3520,7135.87577154,27050.143236900003
COAD,TCGA-AA-3511,13787.646268900002,18097.4030509
COAD,TCGA-F4-6704,7526.45549105,8056.26918727
COAD,TCGA-A6-2683,3593.32217008,53919.2559143
COAD,TCGA-AZ-6601,11252.558716,21734.5295656
COAD,TCGA-A6-5667,15182.743294,14874.4907632
COAD,TCGA-A6-2685,8843.14037601,22719.193441900006
COAD,TCGA-AZ-6603,10221.747176,14938.3187482
COAD,TCGA-AA-3534,10065.6532231,16588.2411488
COAD,TCGA-AA-3663,10137.2584798,6153.6473437
COAD,TCGA-AA-3662,6468.91202603,24524.6098006
COAD,TCGA-A6-5665,12563.0508113,15032.1170576
COAD,TCGA-AA-3713,6411.73861105,21429.2406474
COAD,TCGA-AA-3527,4058.56966986,46778.988215
COAD,TCGA-AZ-6598,15248.8017961,9136.06686992
COAD,TCGA-A6-2679,11826.5789879,6112.17055401
COAD,TCGA-A6-5659,8906.30566441,2249.92947877
COAD,TCGA-AA-3489,6688.68731167,22234.0856575
COAD,TCGA-A6-2678,9685.51638076,18457.1466072
COAD,TCGA-AZ-6605,2423.092067400001,25970.1267532
COAD,TCGA-AA-3522,8518.7965003,2793.35265868
COAD,TCGA-AA-3531,11431.8003289,85794.6875929
COAD,TCGA-A6-2671,2244.61348878,9750.79408029
ESCA,TCGA-V5-A7RE,21343.9331607,20992.7653682
ESCA,TCGA-IC-A6RF,2511.34500104,15719.8206201
ESCA,TCGA-IC-A6RE,2864.75081681,24620.7773372
ESCA,TCGA-L5-A43C,5463.99120516,14105.9760609
ESCA,TCGA-L5-A4OG,19912.6420679,6594.22953309
ESCA,TCGA-L5-A4OO,6579.85642753,35151.482994599995
ESCA,TCGA-V5-AASX,5195.73155808,12768.744963
ESCA,TCGA-L5-A4OJ,20665.673638,10935.320144299998
HNSC,TCGA-CV-6961,852.2780540110001,1823.46123577
HNSC,TCGA-CV-6933,1648.49815636,1623.54530341
HNSC,TCGA-CV-7255,4231.65228302,4358.46009793
HNSC,TCGA-CV-7178,10472.9292904,3344.25022015
HNSC,TCGA-CV-7424,4125.33595705,24096.8302927
HNSC,TCGA-CV-6938,1999.01048981,6049.15848644
HNSC,TCGA-CV-7245,1468.93712117,2603.36735153
HNSC,TCGA-CV-7183,866.492559428,1684.97674732
HNSC,TCGA-HD-8635,7875.04921906,8492.7001382
HNSC,TCGA-CV-7425,4082.00614274,3866.30323416
HNSC,TCGA-CV-6962,1547.80112922,2770.85065115
HNSC,TCGA-CV-6934,895.1060969260001,3807.01151154
HNSC,TCGA-CV-6939,999.906008835,6911.316426899999
HNSC,TCGA-CV-7432,2824.83641372,2199.33024896
HNSC,TCGA-CV-7238,4323.02107535,29856.3655796
HNSC,TCGA-CV-7440,873.7791121360001,1067.53663786
HNSC,TCGA-WA-A7GZ,8219.39876742,14047.8616048
HNSC,TCGA-CV-7252,2559.02061163,2741.90828591
HNSC,TCGA-CV-6955,3104.27251374,4781.14507628
HNSC,TCGA-CV-7423,2532.06303951,4829.23943503
HNSC,TCGA-CV-6936,1723.80109634,7625.58077326
HNSC,TCGA-CV-6943,3884.87433888,2080.044696
HNSC,TCGA-CV-7261,1441.20530882,7033.69780677
HNSC,TCGA-CV-7406,1483.72190155,2144.06808188
HNSC,TCGA-CV-7235,3459.78775191,3676.31290325
HNSC,TCGA-CV-7242,2594.42944864,16957.3578286
HNSC,TCGA-CV-7177,6099.25991026,3881.34721562
HNSC,TCGA-CV-7103,595.810676391,4860.71080825
HNSC,TCGA-H7-A6C4,2357.0563195,8777.298664799999
HNSC,TCGA-CV-6935,2873.00182723,2681.46837208
HNSC,TCGA-CV-7250,2871.34782503,7774.329165100001
HNSC,TCGA-CV-7091,1062.08074363,4940.59551468
HNSC,TCGA-HD-A6I0,22346.52328,31480.0266075
HNSC,TCGA-CV-6959,2403.39782771,5048.10847375
HNSC,TCGA-HD-A6HZ,17812.611328799998,15395.990653100003
HNSC,TCGA-CV-7097,6798.70661405,501.360190196
HNSC,TCGA-CV-6960,2261.57701273,3202.41407122
HNSC,TCGA-CV-7434,2318.48790074,2649.84123476
HNSC,TCGA-CV-6956,806.521858355,6085.3235384
HNSC,TCGA-CV-7437,3077.90868417,2958.90553635
HNSC,TCGA-CV-7438,2373.88442269,2283.66811908
HNSC,TCGA-CV-7101,1034.43558479,1080.01974276
HNSC,TCGA-CV-7416,2565.60245477,6250.59855062
KICH,TCGA-KN-8426,7343.784395300001,10521.0494359
KICH,TCGA-KN-8434,15272.5857293,23831.560602
KICH,TCGA-KL-8326,12994.6291273,7946.52996709
KICH,TCGA-KN-8435,10632.8312865,25646.4299237
KICH,TCGA-KN-8419,9061.30161305,12483.6111539
KICH,TCGA-KN-8423,9954.38784631,6418.95903741
KICH,TCGA-KN-8429,10278.962093,20359.2968991
KICH,TCGA-KN-8432,39646.5117017,12878.4336677
KICH,TCGA-KN-8424,11971.5482343,9410.43617372
KICH,TCGA-KL-8336,5620.20576376,14732.6588056
KICH,TCGA-KL-8339,3149.54607167,8734.73059907
KICH,TCGA-KN-8430,9557.98656668,30777.0518607
KICH,TCGA-KN-8433,9151.43334325,13902.525915200002
KICH,TCGA-KL-8324,4370.80989578,19697.990411
KICH,TCGA-KN-8425,10790.8506535,13136.1934736
KICH,TCGA-KO-8403,9282.92728572,11616.4694819
KICH,TCGA-KL-8329,0.0,3622.02699497
KICH,TCGA-KO-8415,10573.0256857,31812.7431245
KICH,TCGA-KN-8437,18130.4834411,4098.96635455
KICH,TCGA-KN-8436,11857.7002994,18567.1247979
KICH,TCGA-KN-8428,7685.64448198,39353.2785554
KICH,TCGA-KN-8427,9198.6926818,11431.9500598
KICH,TCGA-KN-8431,5996.55078399,12394.4611632
KIRC,TCGA-CZ-5461,315.746465692,2764.13227409
KIRC,TCGA-CZ-5463,1772.77712805,1922.71826217
KIRC,TCGA-A3-3358,5907.06415958,12082.9529802
KIRC,TCGA-CW-6090,4160.89919806,3610.55554941
KIRC,TCGA-CW-5589,3048.08086297,1433.33590537
KIRC,TCGA-B0-5706,5647.75356366,3152.67457147
KIRC,TCGA-CJ-5676,5037.51885921,4437.30531323
KIRC,TCGA-CW-6087,2596.09499717,7317.182801000001
KIRC,TCGA-CJ-5680,3489.00396787,4569.00986815
KIRC,TCGA-CW-5591,2824.46314605,1428.81909055
KIRC,TCGA-B2-5641,3744.39277182,2856.54706304
KIRC,TCGA-CZ-5452,1269.95361706,14902.9815899
KIRC,TCGA-CZ-5456,4193.55199445,1494.46599243
KIRC,TCGA-B8-4619,7176.3038447,7686.77003401
KIRC,TCGA-CW-5581,3059.08437934,2673.08504086
KIRC,TCGA-CZ-5469,2483.47689604,18980.9782685
KIRC,TCGA-CZ-5987,1397.85066482,10107.3770989
KIRC,TCGA-CW-5580,4353.38769747,2732.89379291
KIRC,TCGA-B0-5705,1778.08597935,5019.96788765
KIRC,TCGA-CW-5585,1651.63711303,3019.31512498
KIRC,TCGA-CZ-5985,837.3961000789999,8496.64594901
KIRC,TCGA-CZ-5986,4286.92512334,2119.64775694
KIRC,TCGA-B0-5701,2717.75379461,4520.42100188
KIRC,TCGA-CZ-5458,1175.12662357,4117.84277747
KIRC,TCGA-A3-3387,1863.10465897,14136.9931181
KIRC,TCGA-CJ-6033,1800.98622005,5673.02123837
KIRC,TCGA-CW-5584,984.122172863,2210.98110297
KIRC,TCGA-B0-5712,1739.02760532,3391.23052011
KIRC,TCGA-B0-5697,1886.35823452,2801.08457995
KIRC,TCGA-CZ-5984,3178.50675569,9245.50773387
KIRC,TCGA-CZ-5467,1320.38417898,2181.58130175
KIRC,TCGA-CZ-5451,3037.4733082,7015.63404816
KIRC,TCGA-CZ-5462,1396.59811046,4430.85469979
KIRC,TCGA-CZ-5455,1521.98082761,3818.48676307
KIRC,TCGA-CZ-5982,550.01446538,3200.65256733
KIRC,TCGA-B0-5699,1781.47321303,4444.42271616
KIRC,TCGA-CJ-5678,537.449479749,11870.0867878
KIRC,TCGA-CZ-5470,1339.29408487,8656.76127064
KIRC,TCGA-CZ-5453,4401.16109401,3419.92366303
KIRC,TCGA-B0-5711,733.892167756,2285.34236257
KIRC,TCGA-CW-5587,2186.17128608,832.642933568
KIRC,TCGA-CZ-5988,1324.53357378,744.074469949
KIRC,TCGA-CW-6088,1255.75153826,7303.91594236
KIRC,TCGA-CJ-5679,4884.94727921,4393.01042754
KIRC,TCGA-B0-5694,2279.49322307,5358.82090629
KIRC,TCGA-B0-5709,4886.94162365,3078.0104433
KIRC,TCGA-B8-5549,3451.57866579,1053.22166024
KIRC,TCGA-CZ-5465,1331.51736557,1879.25063002
KIRC,TCGA-B0-5691,3459.71918151,4688.15874909
KIRC,TCGA-CJ-5681,10488.3757948,3548.89703607
KIRC,TCGA-CZ-5989,3018.04272169,760.874320682
KIRC,TCGA-B0-4700,3450.623475900001,16173.8339714
KIRC,TCGA-CJ-5672,1169.31803034,4550.6671278
KIRC,TCGA-B8-4620,774.942692988,8414.22382466
KIRC,TCGA-CJ-5689,1180.76022066,4674.34973952
KIRC,TCGA-CZ-5468,1305.63643248,10337.3622793
KIRC,TCGA-B0-5703,2280.53551535,4594.38323523
KIRC,TCGA-B8-4622,2028.5511817,18480.3901319
KIRC,TCGA-CZ-4865,4576.13650066,2141.35906554
KIRC,TCGA-B8-5552,2037.72314597,1616.70378349
KIRC,TCGA-B2-5636,2748.4558259,4372.04446758
KIRC,TCGA-B0-5696,0.0,1445.10271549
KIRC,TCGA-CZ-4864,3908.72348908,19135.4991529
KIRC,TCGA-B0-5690,436.278094128,8203.17626985
KIRC,TCGA-CZ-5454,4275.51534924,769.977795765
KIRC,TCGA-CZ-5457,3588.72565947,2669.16805845
KIRC,TCGA-CJ-6030,1124.16179686,1261.60147691
KIRC,TCGA-CZ-5466,327.351744032,6514.53914847
KIRC,TCGA-B0-4712,2092.81677267,8753.12596011
KIRC,TCGA-CJ-5677,1368.82202143,6283.28395138
KIRC,TCGA-CZ-4863,1314.93044347,15533.8508824
KIRC,TCGA-B0-5402,1226.64318054,4890.10522942
KIRP,TCGA-DZ-6132,7579.22836674,2500.6423525
KIRP,TCGA-BQ-5890,4124.57783227,6105.264146600001
KIRP,TCGA-BQ-7044,14046.339956,16513.3469126
KIRP,TCGA-GL-6846,0.0,5241.7563553
KIRP,TCGA-BQ-7061,3463.34466844,6445.68933783
KIRP,TCGA-DZ-6133,2467.60893136,5205.55193549
KIRP,TCGA-BQ-5878,785.25248714,10481.0437674
KIRP,TCGA-BQ-5894,759.65747804,10151.3757118
KIRP,TCGA-GL-A9DE,16556.9283197,4200.27889852
KIRP,TCGA-A4-A4ZT,25635.5114498,12239.3402996
KIRP,TCGA-BQ-5882,2190.58818169,9251.74416404
KIRP,TCGA-B9-4115,757.5229605210001,30109.3856268
KIRP,TCGA-GL-A59R,20824.7648103,17937.6870378
KIRP,TCGA-BQ-7059,4567.71650094,1866.73073287
KIRP,TCGA-BQ-5887,377.500088713,0.0
KIRP,TCGA-BQ-7045,552.696273501,6460.53260631
KIRP,TCGA-BQ-5884,1796.82290266,303.304011923
KIRP,TCGA-BQ-5891,2683.11698467,3693.64672448
KIRP,TCGA-P4-A5E8,9187.55742223,4972.61333207
KIRP,TCGA-BQ-5879,3848.40368215,1395.11361456
KIRP,TCGA-A4-A57E,22807.5898772,42465.513020199985
KIRP,TCGA-BQ-7046,6082.35508789,8254.34821603
KIRP,TCGA-P4-A5ED,7069.11308732,144973.132532
KIRP,TCGA-BQ-5888,10206.407582700003,53986.598865
KIRP,TCGA-BQ-5877,1481.44490259,376.957990482
KIRP,TCGA-BQ-5875,2722.66382317,3321.6990823
KIRP,TCGA-DZ-6134,4451.38640903,1379.96297214
KIRP,TCGA-Y8-A8RY,9803.67950247,33187.8831506
KIRP,TCGA-BQ-7055,9662.94908858,5528.53811631
KIRP,TCGA-GL-7966,10698.5519176,8619.83303862
KIRP,TCGA-BQ-7051,11132.8820805,6923.05859131
LIHC,TCGA-DD-A1EH,5101.02906885,7128.96154337
LIHC,TCGA-DD-A114,4238.93521339,6938.13954779
LIHC,TCGA-DD-A11A,1861.01909406,6652.01252944
LIHC,TCGA-DD-A11C,2581.53787374,4575.11704947
LIHC,TCGA-BC-A10Y,5225.82897325,13037.5929214
LIHC,TCGA-DD-A3A6,0.0,68451.0467641
LIHC,TCGA-ES-A2HT,5945.62639722,6541.88243976
LIHC,TCGA-BD-A3EP,2633.33219222,21497.97919
LIHC,TCGA-DD-A3A4,5103.20379134,3789.917304
LIHC,TCGA-DD-A1EJ,3143.23691323,14421.3425053
LIHC,TCGA-DD-A113,1480.85842401,7107.50652841
LIHC,TCGA-DD-A39X,1119.28437434,3616.77387387
LIHC,TCGA-BC-A10R,5019.65697672,5972.19718254
LIHC,TCGA-DD-A119,0.0,1086.13483712
LIHC,TCGA-DD-A39V,4495.97160944,7266.21674253
LIHC,TCGA-DD-A118,3598.50733916,2475.5087093
LIHC,TCGA-BD-A2L6,19482.5436409,13506.1773879
LIHC,TCGA-DD-A116,5683.14855523,3919.47439848
LIHC,TCGA-FV-A23B,2621.33733641,10097.4944645
LIHC,TCGA-DD-A1EE,5166.64140753,3392.87834835
LIHC,TCGA-BC-A10T,4994.19009219,3876.82174277
LIHC,TCGA-DD-A3A8,0.0,5441.33883054
LIHC,TCGA-DD-A39W,2208.82691411,5220.72348786
LIHC,TCGA-BC-A110,0.0,5633.50659496
LIHC,TCGA-BC-A10W,4846.96906907,3058.58412024
LIHC,TCGA-FV-A3I0,5603.96760907,19462.8330172
LIHC,TCGA-FV-A3R2,8249.69711826,6525.61974626
LIHC,TCGA-DD-A1EB,2714.54889626,2783.22052013
LIHC,TCGA-EP-A3RK,0.0,15998.4961414
LIHC,TCGA-DD-A11B,1963.59494963,1548.20151236
LIHC,TCGA-DD-A11D,1169.95805115,6917.51896265
LIHC,TCGA-FV-A2QR,946.759903582,8642.40369445
LIHC,TCGA-DD-A1EI,944.608176528,12479.6798257
LIHC,TCGA-BC-A10Z,2095.6013328,5413.38405073
LIHC,TCGA-DD-A1EG,4017.88225462,6377.011017
LIHC,TCGA-DD-A3A3,3160.666142,16810.0140616
LIHC,TCGA-FV-A3I1,2645.20348558,13620.9317398
LIHC,TCGA-G3-A3CH,0.0,14362.9407403
LIHC,TCGA-BC-A10X,2530.88523617,1504.30739619
LIHC,TCGA-DD-A3A5,0.0,2301.05244386
LIHC,TCGA-EP-A12J,1651.5003881,5995.65828688
LIHC,TCGA-BC-A216,5311.53479454,24654.4627076
LIHC,TCGA-DD-A3A2,0.0,8257.50194051
LIHC,TCGA-BC-A10U,0.0,12101.2523889
LIHC,TCGA-DD-A1EC,2292.06395775,11394.4902756
LIHC,TCGA-DD-A39Z,1513.20727308,29512.0187696
LIHC,TCGA-EP-A26S,0.0,11971.0829042
LIHC,TCGA-DD-A1EL,6222.74631575,28343.357734099995
LIHC,TCGA-DD-A3A1,1889.21635306,24757.60058340001
LIHC,TCGA-BC-A10Q,1397.85066482,5201.44040889
LUAD,TCGA-91-6847,2015.97864675,29906.982782
LUAD,TCGA-44-2665,2731.64646576,26671.2896902
LUAD,TCGA-49-4512,2324.64748174,21219.2371583
LUAD,TCGA-50-5932,4109.19149089,7627.02746138
LUAD,TCGA-44-2662,595.455010992,13039.2971819
LUAD,TCGA-44-6776,4605.29194097,6905.20534108
LUAD,TCGA-44-3398,3081.98430477,16830.2222405
LUAD,TCGA-55-6983,3413.00034585,8976.98484705
LUAD,TCGA-49-6743,889.360052081,6671.39001079
LUAD,TCGA-44-3396,2646.70746755,27162.0879011
LUAD,TCGA-44-2657,6322.22261248,27267.814559
LUAD,TCGA-44-2668,3091.44494137,27823.0044723
LUAD,TCGA-55-6975,14115.6542606,5502.57190211
LUAD,TCGA-44-2655,1188.35624781,5618.45006462
LUAD,TCGA-73-4676,2309.04220929,2900.1489589000007
LUAD,TCGA-55-6984,4225.52768038,8527.51643013
LUAD,TCGA-55-6978,4770.01833595,12653.1715502
LUAD,TCGA-91-6828,3294.27422197,13082.0489759
LUAD,TCGA-55-6982,10937.5683598,6685.69862208
LUAD,TCGA-55-6970,5814.10278462,2955.94938655
LUAD,TCGA-44-6146,964.333173254,4605.29194097
LUAD,TCGA-55-6972,13125.0820318,20944.2798379
LUAD,TCGA-50-5931,0.0,48529.0227038
LUAD,TCGA-49-6745,3535.37563145,4581.72154915
LUAD,TCGA-55-6979,3844.44848823,19692.3341324
LUAD,TCGA-50-5936,843.2005362760001,6982.5436408999985
LUAD,TCGA-38-4626,4759.09462984,13546.8079685
LUAD,TCGA-49-6761,2361.52044132,9355.71407254
LUAD,TCGA-55-6985,3470.44912569,6343.15374355
LUAD,TCGA-50-5930,2024.57120847,7024.69179165
LUAD,TCGA-44-6148,6869.149829100002,8650.82124575
LUAD,TCGA-55-6971,12708.1650384,20699.4445822
LUAD,TCGA-44-6777,4012.49490915,4262.84715562
LUAD,TCGA-50-5939,1644.96410688,2789.96709234
LUAD,TCGA-55-6986,5713.47910547,7483.16754999
LUAD,TCGA-55-6980,10834.6079046,4605.29194097
LUAD,TCGA-91-6836,2054.17264089,17519.186529799998
LUAD,TCGA-50-6595,3171.57687177,2645.90513107
LUAD,TCGA-91-6829,19836.281680400003,10572.4031204
LUAD,TCGA-49-6742,4808.03133554,7313.09556022
LUAD,TCGA-91-6835,11078.1273059,14749.2960048
LUAD,TCGA-91-6849,7494.41197907,12828.0122738
LUAD,TCGA-91-6831,2913.27755378,21062.2093415
LUAD,TCGA-55-6968,11441.6773499,10880.303604
LUAD,TCGA-44-6145,1741.76049313,12520.998758299998
LUAD,TCGA-49-4490,2789.44696424,26371.612278
LUAD,TCGA-38-4632,3545.63827398,6318.66280245
LUAD,TCGA-44-6778,2238.56874868,18779.5337511
LUAD,TCGA-55-6981,5601.4501034,4636.32923269
LUAD,TCGA-44-2661,3468.38050909,24343.9021494
LUAD,TCGA-38-4625,2953.8236139,9342.13284396
LUAD,TCGA-38-4627,726.621674253,4846.498078000001
LUAD,TCGA-49-6744,0.0,3852.86301435
LUAD,TCGA-50-5935,2829.53735178,13409.5948165
LUAD,TCGA-50-5933,4490.57428458,9726.34578757
LUAD,TCGA-44-5645,9172.75227821,11450.3494767
LUAD,TCGA-44-6147,9895.89518268,25157.7864922
LUSC,TCGA-22-5482,2226.71842621,8792.12225846
LUSC,TCGA-51-4079,5570.35539383,3655.01656245
LUSC,TCGA-56-7730,9301.62471479,43053.6932176
LUSC,TCGA-56-7582,12926.4665441,5409.46981786
LUSC,TCGA-43-6773,8756.19938917,2808.68994626
LUSC,TCGA-43-7658,4606.06522481,84648.2930605
LUSC,TCGA-43-7657,5075.50662015,9672.57455796
LUSC,TCGA-56-8201,2173.84767052,16379.4127162
LUSC,TCGA-39-5040,8534.27578512,15251.1615465
LUSC,TCGA-33-4587,5334.25793804,43590.9497923
LUSC,TCGA-22-5472,3232.98837886,8267.58787902
LUSC,TCGA-22-5483,0.0,12211.1165746
LUSC,TCGA-77-7337,4479.14788691,2257.61867285
LUSC,TCGA-77-7338,995.217234774,8701.04602601
LUSC,TCGA-85-7710,18023.880254900007,28009.6859301
LUSC,TCGA-56-8623,12639.4606489,14950.875262600002
LUSC,TCGA-77-7138,10776.0846354,15565.188677899998
LUSC,TCGA-56-8083,7815.56234775,8552.84620394
LUSC,TCGA-22-5471,544.7876758130001,21644.8721226
LUSC,TCGA-43-6647,3104.20811108,1876.06965284
LUSC,TCGA-56-7823,10757.8219611,11839.368188200002
LUSC,TCGA-56-7579,13348.86416,6911.92678887
LUSC,TCGA-22-5478,2491.62990326,9709.88211533
LUSC,TCGA-58-8386,9108.2596355,16305.7823361
LUSC,TCGA-34-8454,9995.05244904,16937.386979299998
LUSC,TCGA-77-8007,11084.4289406,23262.7386757
LUSC,TCGA-43-6771,5763.58030897,3362.38056544
LUSC,TCGA-56-7731,1708.05862057,7131.59395455
LUSC,TCGA-92-7340,4184.17044637,4233.8974296
LUSC,TCGA-22-5481,4951.2222092,70144.9857887
LUSC,TCGA-22-5489,1510.11465357,5228.02009651
LUSC,TCGA-56-8082,4355.37901753,7908.34752442
LUSC,TCGA-56-8309,11933.6770978,20162.3600573
LUSC,TCGA-60-2709,2330.07763236,12047.1767441
LUSC,TCGA-90-6837,2269.98308673,17851.9907201
LUSC,TCGA-43-5670,13486.0623472,31887.1868842
LUSC,TCGA-22-5491,3507.40588753,8973.74226926
LUSC,TCGA-56-7222,6305.34914295,3660.5733373
LUSC,TCGA-90-7767,6886.477282800001,12258.6791448
LUSC,TCGA-34-7107,2352.88650646,12841.9074838
LUSC,TCGA-22-4609,1376.75685648,10308.3661841
LUSC,TCGA-51-4081,14230.104896399998,30221.14584
LUSC,TCGA-33-6737,2135.80471569,5345.28335061
LUSC,TCGA-56-7580,7857.2912543,23303.9517433
LUSC,TCGA-77-8008,13119.5134777,13269.2641893
LUSC,TCGA-77-7142,9518.18925968,6963.88044132
LUSC,TCGA-77-7335,796.34858248,3445.0223948
LUSC,TCGA-43-6143,5541.7013023,24077.3635449
LUSC,TCGA-22-4593,2250.54587794,7360.96104707
PAAD,TCGA-HV-A5A3,40726.0042208,52628.1698352
PAAD,TCGA-H6-A45N,106363.668945,19361.5340531
PAAD,TCGA-YB-A89D,15198.165074899998,28353.231147400005
PAAD,TCGA-H6-8124,12174.9892474,13509.3041435
PCPG,TCGA-P8-A5KD,19126.9027921,15556.2396956
PCPG,TCGA-SQ-A6I4,8710.32338818,7672.05186586
PCPG,TCGA-P8-A5KC,5751.30439584,5620.20576376
PRAD,TCGA-G9-6496,10400.4403546,27957.0132964
PRAD,TCGA-EJ-7792,8804.97853053,13703.1495028
PRAD,TCGA-CH-5769,22483.9703955,12535.9849926
PRAD,TCGA-G9-6342,1556.01014104,10361.2545595
PRAD,TCGA-G9-6362,78990.6978214,26112.7286496
PRAD,TCGA-EJ-7784,4159.42705783,16094.001846
PRAD,TCGA-EJ-7125,6346.70176555,2278.71212887
PRAD,TCGA-HC-7211,11773.4580633,3090.40735625
PRAD,TCGA-G9-6356,66797.2924831,11816.5541416
PRAD,TCGA-G9-6365,21983.1239954,3996.41920839
PRAD,TCGA-HC-7740,16250.8420891,12087.6035117
PRAD,TCGA-EJ-7789,5242.81598099,41651.7592528
PRAD,TCGA-CH-5761,7128.4390263,8638.66142214
PRAD,TCGA-EJ-7328,886.908717359,37012.2776823
PRAD,TCGA-HC-8262,19343.6743571,18060.1128757
PRAD,TCGA-EJ-7794,7644.65087684,7569.60886149
PRAD,TCGA-EJ-7327,4540.49846005,4536.18114786
PRAD,TCGA-HC-8258,13137.1068435,6410.70844739
PRAD,TCGA-EJ-7330,3036.24056741,4739.87281736
PRAD,TCGA-EJ-7123,1116.09089165,8278.38718096
PRAD,TCGA-G9-6348,11177.7928554,5070.77641827
PRAD,TCGA-EJ-7781,4787.33358576,2530.2432597
PRAD,TCGA-G9-6363,5051.51705476,20446.2879423
PRAD,TCGA-HC-7738,15508.4924505,28401.8858852
PRAD,TCGA-HC-8260,21595.4957966,46523.2517844
PRAD,TCGA-EJ-7783,3475.22785187,13549.0934924
PRAD,TCGA-J4-A83J,60519.2712737,154144.932277
PRAD,TCGA-EJ-A8FO,10084.2090777,16082.5218564
PRAD,TCGA-EJ-7317,4721.25252941,6373.16303534
PRAD,TCGA-HC-7819,5311.53479454,23296.9553853
PRAD,TCGA-EJ-7115,6471.49468379,4423.74894537
PRAD,TCGA-EJ-7793,6866.53951451,4833.39943455
PRAD,TCGA-HC-7747,6918.25706753,2218.89942034
PRAD,TCGA-HC-7742,5568.92716846,10703.9006717
PRAD,TCGA-CH-5767,7197.46624154,6894.29664386
PRAD,TCGA-HC-7752,16789.1356924,191705.234032
PRAD,TCGA-EJ-7331,6754.51133812,6423.60933375
PRAD,TCGA-EJ-7785,7390.86732263,11796.5954679
PRAD,TCGA-G9-6333,2617.57697705,10812.542943
PRAD,TCGA-EJ-7321,13340.3381811,5663.14428531
PRAD,TCGA-EJ-7797,7300.700483,12042.701567
PRAD,TCGA-EJ-7314,1728.58058182,5302.593609000001
PRAD,TCGA-G9-6351,3061.40020792,9001.90864152
PRAD,TCGA-HC-7745,12847.8391862,20803.0497271
PRAD,TCGA-HC-7737,3879.19091161,2964.0636918
PRAD,TCGA-CH-5768,9667.31934499,9350.29278104
PRAD,TCGA-G9-6384,21690.0156754,3060.30444674
PRAD,TCGA-G9-6499,7459.13872835,7710.19311624
PRAD,TCGA-EJ-7315,4754.14583126,751.3605260730002
PRAD,TCGA-EJ-7786,5256.417125,12483.8547924
PRAD,TCGA-HC-8259,16577.3134537,26912.7802407
PRAD,TCGA-EJ-7782,15247.8763643,21159.2231542
READ,TCGA-AG-3742,4808.91435324,31873.2820301
READ,TCGA-AG-3732,3612.05907595,6915.92027558
READ,TCGA-AH-6643,13919.373130000002,12687.9840178
READ,TCGA-AF-5654,17584.244516900002,12527.782199299998
READ,TCGA-AF-2691,6679.49986988,18873.0997934
READ,TCGA-AF-3400,5355.73817135,16964.3917417
READ,TCGA-AF-2692,4434.14933505,16755.423870299994
READ,TCGA-AG-3731,5896.00769036,5442.74235047
SARC,TCGA-K1-A3PO,6664.85234575,5186.34090683
SARC,TCGA-FX-A2QS,3912.22749938,10921.6011067
STAD,TCGA-BR-7704,4818.53815534,93665.0990847
STAD,TCGA-BR-6453,9798.68599621,10507.439267
STAD,TCGA-HU-A4GY,29980.044134500004,35754.3846383
STAD,TCGA-HU-A4GH,9224.1111755,25828.5783411
STAD,TCGA-HU-A4GC,7535.78628974,19101.5290977
STAD,TCGA-IN-7806,6969.88168916,63850.1285459
STAD,TCGA-IN-AB1X,11819.8715225,19456.3362914
STAD,TCGA-CG-5720,20127.2444393,6907.93791145
STAD,TCGA-HU-A4GP,9439.58067666,4856.80224498
STAD,TCGA-BR-7716,6132.21045746,4629.51532061
STAD,TCGA-BR-7715,45704.7530087,5804.97755717
STAD,TCGA-HU-8238,5821.79429447,10608.7588742
STAD,TCGA-IN-AB1V,10687.261447,24382.5181699
STAD,TCGA-BR-6802,18635.4765261,14418.4536146
STAD,TCGA-BR-6454,5214.74506415,18956.5404967
STAD,TCGA-IP-7968,11298.3857784,4573.1993142
STAD,TCGA-CG-5721,6350.8461444,20202.6579122
STAD,TCGA-BR-7851,11344.9671244,13817.9448421
STAD,TCGA-BR-8060,6720.7337249,23344.6028683
STAD,TCGA-CG-5722,8029.29622549,18463.7896236
STAD,TCGA-CG-5734,9260.46326239,7291.71223987
STAD,TCGA-IN-8663,11110.8367695,30886.4757008
STAD,TCGA-FP-7829,7948.83264166,25083.9790716
STAD,TCGA-BR-7717,22984.0146178,3988.96121467
STAD,TCGA-BR-6457,1910.93148355,3339.71552971
STAD,TCGA-FP-7735,4475.63088913,20775.9694749
STAD,TCGA-HU-A4HB,9388.69562638,55230.24408169999
THCA,TCGA-E8-A2JQ,22873.9199697,36519.57971180001
THCA,TCGA-ET-A2N5,12098.80611,13591.5462847
THCA,TCGA-EL-A3ZK,13366.0885008,10676.9561576
THCA,TCGA-EL-A3ZG,8215.33713074,15436.1065133
THCA,TCGA-ET-A3DP,2793.91150804,6972.31757512
THCA,TCGA-ET-A2MX,16320.455406,12336.0809719
THCA,TCGA-BJ-A3PU,10381.7401658,25227.1952605
THCA,TCGA-EL-A3ZH,4794.16645825,20824.7648103
THCA,TCGA-EM-A1CU,7845.31958694,9595.09652187
THCA,TCGA-EM-A1CW,678.391073459,1788.28654431
THCA,TCGA-EL-A3T2,3372.51706336,13354.6144679
THCA,TCGA-EL-A3TA,5288.60383314,35076.0862776
THCA,TCGA-EM-A1YC,22287.8751483,917.584614492
THCA,TCGA-FY-A3TY,11492.0073089,8943.95240284
THCA,TCGA-EL-A3T1,10367.0350008,16936.78785
THCA,TCGA-EL-A3MW,915.479290028,12288.8835637
THCA,TCGA-EL-A3T6,5731.78087314,12979.9119637
THCA,TCGA-EL-A3GZ,2557.18374286,21742.0303569
THCA,TCGA-EL-A3H2,6269.94364575,10902.7004399
THCA,TCGA-EL-A3ZQ,54340.87476240001,37998.3816587
THCA,TCGA-EL-A3N3,8353.68753601,18206.6956503
THCA,TCGA-BJ-A2N8,4384.5143047,9333.10690404
THCA,TCGA-KS-A41J,17607.2786334,16169.4202454
THCA,TCGA-BJ-A28R,9094.34666692,7566.83489166
THCA,TCGA-GE-A2C6,8988.85638633,17970.1417926
THCA,TCGA-EL-A3T8,14296.0406222,25098.6661716
THCA,TCGA-EM-A1CV,3910.25572095,6630.49903928
THCA,TCGA-EL-A3ZP,14452.2785761,50642.32164069999
THCA,TCGA-EL-A3MY,3381.66364748,5225.03265645
THCA,TCGA-EL-A3ZM,9932.02357531,52123.7888884
THCA,TCGA-EL-A3N2,7091.83672464,14180.1093029
THCA,TCGA-EL-A3TB,9026.85056324,37844.3339331
THCA,TCGA-EL-A3T0,11610.7905114,11529.8133257
THCA,TCGA-BJ-A2N7,3537.2561504,7406.49119701
THCA,TCGA-DO-A1JZ,2153.74335402,16786.574769
THCA,TCGA-BJ-A2NA,5875.97923194,11195.8215535
THCA,TCGA-EL-A3ZT,23719.1430227,30414.815704900004
THCA,TCGA-EL-A3T7,8897.22686149,21049.986482
THCA,TCGA-EM-A3ST,25730.5147449,356847.9660860001
THCA,TCGA-EL-A3ZS,37907.403045,29341.115452900005
THCA,TCGA-EL-A3ZL,10252.6731874,63305.74591799999
THCA,TCGA-EL-A3MX,5921.36531358,85652.9846555
THCA,TCGA-BJ-A28X,40130.493013199986,13548.1650817
THCA,TCGA-EL-A3H1,3437.30611445,2429.18962841
THCA,TCGA-H2-A2K9,11063.7337446,8241.84981047
THCA,TCGA-BJ-A3PR,42607.050213699986,44409.524134900006
THCA,TCGA-KS-A41L,22206.6299647,45226.6945126
THCA,TCGA-EL-A3ZR,5461.41385082,29385.8151353
THCA,TCGA-EM-A1CS,8877.10466223,21828.107863
THCA,TCGA-EL-A3T3,6756.01832073,23644.8968273
THCA,TCGA-EL-A3ZO,9421.10157172,41055.0893081
THCA,TCGA-BJ-A2N9,6202.21018145,9966.20349659
THCA,TCGA-EM-A1CT,1668.07062611,13208.504163299998
THCA,TCGA-BJ-A290,7253.83715032,14879.516217299995
THCA,TCGA-BJ-A28W,11036.5807469,75297.0198515
THCA,TCGA-ET-A3DW,4131.79128761,12049.4155802
THCA,TCGA-EL-A3H7,4412.57292053,10342.4252905
THCA,TCGA-KS-A41I,29934.1672826,80096.9771162
THYM,TCGA-X7-A8D6,40274.5176211,69271.2662787
THYM,TCGA-X7-A8D7,89599.0113213,93224.8817209
UCEC,TCGA-BK-A0CB,9315.02620184,60235.8837207
UCEC,TCGA-AX-A0IZ,1425.00890631,44725.1436626
UCEC,TCGA-AX-A2HA,35829.9653166,90790.041122
UCEC,TCGA-AX-A0J0,6100.20935919,46901.3403657
UCEC,TCGA-AJ-A3NC,22211.4631775,48132.5803627
UCEC,TCGA-E6-A1M0,6106.18409901,24508.7526883
UCEC,TCGA-BK-A4ZD,19732.533508,18638.0088642
UCEC,TCGA-AJ-A3NE,9439.49519567,9338.10526895
UCEC,TCGA-DI-A2QU,10842.4590697,95691.9642673
UCEC,TCGA-AX-A1CF,12544.092485100002,24139.9867335
UCEC,TCGA-AX-A2HD,18745.5706031,6414.241816
UCEC,TCGA-BG-A3PP,17804.133170200002,9925.4351683
UCEC,TCGA-BK-A13C,11145.3210549,20987.1361201
UCEC,TCGA-AX-A1CK,13264.710564,198869.913823
UCEC,TCGA-BG-A2AD,6413.45628642,18653.277758400003
UCEC,TCGA-AJ-A3NH,30234.7912953,20824.7648103
UCEC,TCGA-AJ-A2QL,27396.094903,12018.1474026
UCEC,TCGA-DI-A2QY,23435.6441234,80232.2943737
UCEC,TCGA-AX-A2H8,6041.09880338,25113.4500104
UCEC,TCGA-BG-A3EW,7145.46013191,14976.3875574
UCEC,TCGA-AX-A05Y,4152.81529731,62962.521559
UCEC,TCGA-AX-A1CI,6781.80229302,129097.598694
UCEC,TCGA-AX-A2HC,753.8590042430002,9588.05363383
